mean_pitch_Hz,max_pitch_Hz,min_pitch_Hz,pitch_range_Hz,pitch_SD_Hz,mean_intensity_dB,max_intensity_dB,min_intensity_dB,intensity_range_dB,intensity_SD_dB,jitter_local,shimmer_local,voiced_ratio,speech_rate_voiced_frames_per_sec,spectral_centroid,spectral_bandwidth,spectral_rolloff,spectral_flatness,file_name,WER_sentence,CER_sentence
212.6994231970336,486.58681926489,103.1824269252895,383.4043923396006,45.09308337324008,65.85852208679701,77.64232297840266,57.88146928704377,19.76085369135889,4.49351409781069,,0.1793288697432972,0.514820592823713,101.7615541764638,2149.734740408824,1780.834114513656,4199.908088235294,0.06023052707314491,asd19_005,28.57,26.47
221.4004736877913,300.8637791386948,110.1268250645992,190.7369540740956,32.87876059701828,74.3726823985172,82.48130761470304,64.36803880184621,18.11326881285683,4.503966150444903,,0.1574409563415499,0.6194144838212635,122.5539698569061,2213.468484882773,1701.850291046547,4061.893203883495,0.04658570513129234,asd19_009,0.0,0.0
223.0832568872203,439.2577025257382,90.3996928683142,348.858009657424,49.14173065622258,73.46954457016423,86.9845941295795,58.88865143941649,28.09594269016301,6.677874593988812,,0.1293399059718511,0.3444268357105124,68.63157894736842,2197.751085564235,1791.448790913481,4219.775883838384,0.07642120122909546,asd19_011,21.05,8.24
300.3771462950137,499.174679353184,213.2927336983347,285.8819456548493,66.40621723213138,79.55501023406882,85.99274051595782,64.65903810282018,21.33370241313764,5.588112347054456,,0.1475617038585371,0.329512893982808,64.53875833041037,2759.379855008249,1898.782433032906,4941.964285714285,0.1242374926805496,asd19_013,0.0,0.0
254.3006242821143,485.940591074513,90.29342300370627,395.6471680708067,35.32913185280863,75.79441989543506,86.65265449070776,59.03719081877411,27.61546367193365,5.82723426442598,,0.09464781761291328,0.4641297567061759,92.62371615312792,2274.653741520961,1812.658164078285,4384.5675944334,0.09285657107830048,asd19_012,28.57,10.61
225.79179396925,488.0781712616296,135.9012877569402,352.1768835046894,36.46511450183322,69.736946959688,84.74988344377704,56.95845762459754,27.79142581917949,5.377306892416997,,0.1430156790378266,0.352054389595034,70.24502449507702,2220.030128764813,1730.871253329574,4140.020636792453,0.06768795847892761,asd19_008,38.46,12.5
276.3175735465862,487.5812896798897,102.9075353233161,384.6737543565736,62.74070740626641,76.04181015231583,85.04446434108743,60.71036589282946,24.33409844825797,5.239098666955432,,0.1228816204898599,0.3954802259887006,78.6703309246398,2348.188724795506,1724.119292969958,4293.686939461883,0.08707001805305481,asd19_006,10.0,7.27
274.3491156209316,486.9641296820925,78.36933157783027,408.5947981042622,67.02637925742809,74.16819258334735,85.00999635712583,58.6555493425037,26.35444701462213,5.849789510996179,,0.1050448219490552,0.309719222462203,61.73816173977623,2298.78980521429,1811.532462902489,4414.406852617079,0.07933614403009415,asd19_015,27.78,16.85
219.5327028914564,365.6395564888256,75.39352771475636,290.2460287740692,28.88455020158074,69.54343402253447,87.62292091278408,58.12425929396942,29.49866161881466,6.188343917023359,,0.1604504925653392,0.33,65.848934796643,2217.233326046133,1762.542912833324,4228.731824577862,0.0727417841553688,asd19_003,33.33,20.97
267.0583781064553,443.7730476241575,184.7945105160032,258.9785371081543,42.04246491309868,74.95963778321884,86.95353211539916,57.51642516431967,29.43710695107949,7.549505309282718,,0.1135830541238442,0.524008350730689,104.2855040725705,2138.509655158153,1707.05965318268,3971.169800884956,0.0642305389046669,asd19_010,21.43,7.14
200.4839983076883,418.5797943297311,91.9674325678187,326.6123617619124,70.17612056128381,66.07351853407624,75.95355302995972,58.06081973132125,17.89273329863848,4.56946268597021,,0.1762124758805369,0.2333965844402277,46.0253981617905,2210.324205038827,1744.956076257449,4186.941964285715,0.07111484557390213,asd19_004,75.0,32.0
231.1998588052242,251.1948391545506,216.9504103954503,34.2444287591002,7.973195302470524,71.87738378908399,82.73333767881249,59.16266625574319,23.5706714230693,5.765543575892074,,0.1396888654126781,0.2667493796526055,52.86451930169658,2191.565394625348,1746.973116864783,4133.85009765625,0.08050939440727234,asd19_001,0.0,0.0
265.0856140307577,494.2630084764907,75.77315858129684,418.4898498951939,40.27674493237464,75.51754426075604,86.23629894027685,58.23890960563381,27.99738933464305,5.871662718168664,,0.1046063298523944,0.4521660649819494,90.27179513167452,2312.547564132668,1824.922478033214,4480.187319884726,0.08833875507116318,asd19_014,28.12,13.84
241.9782877589224,470.1633007231815,86.07773721806767,384.0855635051138,68.01295891886276,70.35491788606248,84.38055237404495,59.31478925078819,25.06576312325676,5.44309239008295,,0.1598370535290732,0.2854317732366513,56.9526079986847,2330.209438104402,1738.831903344976,4289.817489495798,0.08164112269878387,asd19_007,35.71,23.58
234.6407372708989,283.8268632641218,93.45267927905891,190.3741839850629,34.40053778063286,73.71109550373062,85.07894932106029,59.86160582723166,25.21734349382864,6.040688034469384,,0.1502538744601597,0.4121621621621622,81.41984191536841,2305.536064707538,1698.243362117149,4131.482712765957,0.06952901184558868,asd19_002,0.0,0.0
224.1732566463547,246.3913210299109,118.9095131579004,127.4818078720106,13.1768515820341,73.18947464540462,82.27247801370991,66.92049655405962,15.35198145965029,3.035030375091805,,0.1579695485639133,0.2587730371118405,51.65403137667442,2414.563223393258,1946.958231069033,4647.242351046699,0.120419055223465,asd10_004,17.39,8.26
211.7936396279422,252.9961357720557,106.8328982228687,146.163237549187,41.1710575194297,73.65586005902934,78.76170472853715,67.48183013179118,11.27987459674597,2.313266998567919,,0.1732687704103347,0.1664661050942639,33.1951866979288,2405.155451685478,1943.072579899677,4647.398497442456,0.1206575259566307,asd10_005,7.69,3.33
228.060560089715,276.1849035640852,127.0428993335581,149.142004230527,17.23368479368221,72.96664495503,82.48828916172313,65.96585032191375,16.52243883980938,3.150409362738757,,0.1680125642048067,0.362015503875969,72.18870312492452,2214.954576680974,1884.234997509662,4346.739969135802,0.09828664362430573,asd10_001,40.0,12.79
213.3214264871007,241.2539025867608,114.0245114186646,127.2293911680962,28.27839205419783,74.06549089563676,79.58929837171227,65.76927802592174,13.82002034579054,2.6420164205585,,0.1567748184243489,0.3743752839618355,74.6376811594203,2304.745045641445,1819.317681929143,4359.916907514451,0.09026741236448288,asd10_012,35.71,31.75
214.7516245739089,228.6877300346759,187.007560641671,41.68016939300486,10.23857069383539,72.71339609779595,80.43270207068576,66.3504709647951,14.08223110589067,2.786107381227863,,0.1859823597110088,0.4308390022675737,85.47369012975695,2234.640697386854,1859.450576082284,4297.549460431655,0.08962090313434601,asd10_003,62.5,57.14
214.551928208259,232.2178416457448,191.0049160902107,41.2129255555341,9.914651094925603,73.9868051055562,81.707799256423,67.365631261557,14.342167994866,2.886048743215845,,0.1519024130818991,0.2811725846407928,56.05745683534665,2343.228869090234,1858.503415472965,4420.785361842105,0.1067189276218414,asd10_010,38.89,18.82
218.5571830640736,248.7159465718466,190.3920781776656,58.32386839418098,10.72223185587133,73.66726139006322,81.86048761910051,65.749738973241,16.11074864585952,3.376425709606736,,0.1461108841752803,0.3872135102533172,76.73115709270188,2292.786147670689,1842.415904830276,4301.288167938931,0.08932032436132431,asd10_008,80.0,47.92
226.5474630594734,251.3628777842046,196.2324724034953,55.13040538070928,12.28394397446745,73.0507027930164,81.22498010195235,65.7927271017397,15.43225300021265,3.141027727818521,,0.1755713275604168,0.4423676012461059,87.44515433761835,2212.872787008049,1860.972137819703,4300.93443627451,0.09195085614919662,asd10_007,100.0,57.69
236.7610464886856,254.0543114275712,211.0074365993647,43.04687482820654,10.94244801654458,73.47633103028332,76.99167165776079,66.99411796330267,9.99755369445812,2.122723950882601,,0.1827027610953138,0.3061594202898551,60.39893676427886,2376.939771816318,1912.089736277899,4589.754971590909,0.1107809096574783,asd10_006,20.0,11.54
216.868553956957,485.687654354285,75.6380390309898,410.0496153232951,35.28166123740809,73.59970127645317,83.83061289863176,65.35105879652562,18.47955410210614,3.483973879535413,,0.1638962980550825,0.361311475409836,72.13950024957518,2268.473789072869,1877.515975934986,4379.750697350069,0.09950914978981018,asd10_002,5.88,4.52
206.7990905087016,236.2040385569314,100.1841421098169,136.0198964471146,26.09828697015279,73.88055430244194,86.12608326846546,66.1959671258309,19.93011614263456,3.487571633516771,,0.1449869347903029,0.3776142525174284,75.29320913171485,2356.246802094761,1877.488429103738,4474.691358024691,0.1099934875965118,asd10_009,17.39,9.91
215.5258068124602,467.8762045540968,104.7290884923588,363.147116061738,23.99329770903285,73.40677665133728,80.07905702824664,65.36109991559563,14.71795711265101,2.814863735146092,,0.169207101465077,0.3248104008667389,64.85878395188594,2275.264947652926,1816.149182943764,4298.593101659751,0.091168113052845,asd10_011,30.0,13.51
226.1753868112159,289.4023086136773,188.1859348569334,101.2163737567438,20.57662219717558,75.29339113922933,85.89571685966156,59.26003048633691,26.63568637332465,6.220626303107966,,0.1284221091989703,0.3976335604159197,79.32761087267525,1981.246621390405,1743.840313266668,3899.009582379863,0.066444531083107,asd30_010,20.0,11.83
228.0771316064767,267.087174098887,190.9908538433363,76.09632025555072,19.5297378862144,76.61686300752677,86.19106439718485,60.06426731854162,26.12679707864322,6.005202629444527,,0.1241123788793106,0.3638956805215974,72.56696496592075,2006.62428596356,1722.593023252968,3871.306818181818,0.0707019791007042,asd30_004,20.0,12.33
217.8102874113557,263.5112635987439,173.66864653467,89.84261706407389,22.02229220659842,73.05675161625815,84.44670020298722,60.81208958847476,23.63461061451245,4.408452067967882,,0.1445490783269612,0.4379474940334129,87.3384961675376,1931.890230350085,1693.183666257558,3769.907994923858,0.05891183018684387,asd30_002,26.32,20.48
226.7749450750691,495.8518333335971,86.0048395961215,409.8469937374756,29.21779143640378,75.48510217889874,84.25024778459981,59.91431356472729,24.33593421987251,5.18295952660441,,0.136282637857009,0.3089753772835584,61.69981809259929,2046.870765536548,1738.034180076517,3936.539527883397,0.06759180128574371,asd30_005,28.0,9.6
216.7860062734089,252.6554333697379,178.4713891346551,74.18404423508284,22.67631760362721,74.15582700104557,82.06298276115602,65.18244606559368,16.88053669556234,3.977479808446551,,0.1529004038015655,0.6558641975308642,129.6769518288264,1693.076116458061,1526.681195805566,3222.16322815534,0.03222651779651642,asd30_001,42.86,30.3
236.1375014135832,298.3483006965158,182.3929207326646,115.9553799638512,28.5082161630176,76.4027655844641,86.50374706893872,59.09580014292985,27.40794692600888,5.692241633910458,,0.1345824217380963,0.3672727272727273,73.33308752832666,1949.822347439214,1727.171562798615,3867.244194484761,0.06499884277582169,asd30_006,15.38,9.4
217.7122272556761,279.0568907780651,86.62414857760258,192.4327422004625,23.47025508977913,73.89910915001424,86.13176876011983,60.08073320195771,26.05103555816211,5.755661903419056,,0.1467711071632328,0.4039295001444669,80.61673532496458,2097.729888460438,1782.85177348398,4084.899677121771,0.07413145899772644,asd30_008,29.17,20.19
209.6681093546832,254.2833366122963,106.3200654504339,147.9632711618624,17.83441052798177,74.5819340062759,85.27119053593483,62.05925813416571,23.21193240176913,4.791253091141662,,0.1424680085816042,0.3542059600150886,70.64731827971147,1961.945148751942,1688.724350414744,3834.172175480769,0.06523514539003372,asd30_003,29.41,19.23
225.4885809898111,271.8821920805235,189.2180963869478,82.66409569357566,23.07101708276626,74.23359046996774,86.33489156797688,60.68091924260512,25.65397232537176,5.986568002197679,,0.1379038663751717,0.4242243436754177,84.4800570329499,1933.463503375056,1731.919119874129,3839.222301136364,0.06493775546550751,asd30_007,25.0,19.12
214.0559511294863,252.9535572161077,185.3588990294995,67.59465818660826,14.08162018634393,74.1992945502832,86.58352349142005,59.50091879550202,27.08260469591803,4.831116192423263,,0.1177678444417488,0.5309537088678193,105.7293185067955,1841.255445843562,1629.199095606379,3560.782358156028,0.04155561327934265,asd30_009,41.18,20.78
269.179801182515,403.7895893566186,127.4602140016052,276.3293753550134,49.91286633640247,75.21469801165459,86.57522306046278,63.44140228556819,23.13382077489458,5.384105879131436,,0.1644116525814437,0.3043997610989448,60.79205608057234,2167.192814628181,1711.015071909232,4058.981393129771,0.06855585426092148,asd08_004,19.44,13.17
255.7672169312041,366.7739337047723,84.36315347655417,282.4107802282181,49.07866156256323,75.77061984148357,87.12026821731908,62.35567683303312,24.76459138428596,5.53256266351309,,0.1684582691460507,0.2803058560238717,55.9849514834336,2166.70042693443,1694.432966426093,4015.373584624553,0.07884100079536438,asd08_006,35.29,22.08
278.9963627979549,428.4222534378558,126.4364713581686,301.9857820796872,51.04397076568792,77.44129520509249,87.51613431975039,64.08702551853902,23.42910880121137,5.208362274924619,,0.170732570942755,0.37360853432282,74.58764974824932,2014.26640063781,1562.094342933952,3641.053240740741,0.05674894154071808,asd08_008,35.9,21.72
269.4016802959185,416.1995784035316,186.9152898561856,229.2842885473461,50.90752733110723,75.76221814486806,86.59717154816161,64.26021724503782,22.33695430312379,5.020313944885756,,0.1586011349401198,0.346393588601959,69.03933933434274,2135.505423692116,1678.668502972717,3975.212464589235,0.07517998665571213,asd08_005,0.0,0.0
294.3040221467012,404.367648867422,212.6386847796274,191.7289640877946,59.88174940604677,77.27409892086771,85.25540279198624,66.71551912675513,18.53988366523112,4.242027948788118,,0.195756583354855,0.2406593406593407,47.75403401657217,2274.492005913711,1748.227611265526,4244.086371527777,0.1053702905774117,asd08_007,50.0,36.0
277.6619303082232,454.2902677559304,220.924136140643,233.3661316152874,59.06415503231594,75.31718675410322,85.7965360023247,63.02556545024538,22.77097055207932,4.741240111113949,,0.157750391465725,0.5581127733026467,110.6705838729,1847.099822877186,1601.36547556544,3560.447080291971,0.04762375354766846,asd08_002,28.57,11.43
265.9765416050264,347.3536002992228,129.2963130923505,218.0572872068723,46.25144452295223,76.88214033356519,87.1539757728697,65.54811232970323,21.60586344316647,3.915924595203859,,0.1688971737575675,0.5007215007215007,99.08800485445558,1760.406148238891,1515.010278624903,3390.553977272727,0.03447512164711952,asd08_003,57.14,34.29
264.0715628125349,382.9813008570969,89.11915454659258,293.8621463105043,44.55037153764884,74.33529790599991,87.61020043044763,62.78398725945533,24.8262131709923,5.331917061680058,,0.1687556302195055,0.3887787470261697,77.63358117553909,2084.047599652131,1701.198757435446,4027.205300632912,0.07296387106180191,asd08_001,35.71,25.25
260.4514794162091,495.2026151128064,88.67884430065611,406.5237708121503,61.03704499577312,75.69664777218526,87.85151131722472,61.34864608269225,26.50286523453247,5.843111844788835,,0.1739425228732728,0.3436728939020092,68.56540084388185,2205.4206050154,1664.40856499024,4020.400280898876,0.08029799163341522,asd08_009,9.52,4.08
312.6312872739921,430.5815707093686,197.5149084505516,233.0666622588171,40.6060607448501,74.94706705779112,84.45981711207587,61.81477054119998,22.64504657087589,5.583262675985656,,0.1635838293193887,0.3810544363480497,75.98290598290599,2339.343358989619,1714.350506603288,4222.336065573771,0.0925108939409256,asd02_010,19.05,9.28
316.4148608847553,433.9633806079672,198.3375370520099,235.6258435559572,65.09736010860954,77.44081854181034,85.24708377197304,63.96921463164819,21.27786914032485,4.642347405681737,,0.1449787998593196,0.3561643835616438,70.69848746024424,2276.226024361143,1685.457305476127,4009.850543478261,0.06997320801019669,asd02_001,30.0,29.63
325.9608042832888,417.3281387055921,186.2540181308896,231.0741205747024,48.23777768337319,72.60112916652616,84.33345871548761,62.10072264102335,22.23273607446426,5.846274795709014,,0.1752868318029768,0.6987270155586988,138.2591659669745,1954.981145588157,1539.39230094953,3612.653459821428,0.03065319918096066,asd02_002,0.0,0.0
323.2357160401792,461.8623026871992,197.8357412213285,264.0265614658707,47.83461993028683,75.06750894438684,85.76330139266022,60.72144396706134,25.04185742559888,6.350299593258594,,0.1557006124255336,0.5266209804955192,104.8853308835592,2000.534497444611,1495.687985036042,3523.988045302013,0.05397602170705795,asd02_012,26.32,17.58
302.7797756105957,458.9984609863769,81.16171894071287,377.836742045664,60.83256541112271,73.84306199613786,84.34587869132689,59.871964349865,24.47391434146189,5.712447810574979,,0.1702452021271079,0.3838765008576329,76.57663437479951,2125.355234931125,1680.105237453996,3915.806208971554,0.06940917670726776,asd02_004,0.0,0.0
299.5032918879443,445.2896611348739,148.156943807232,297.1327173276419,64.70987998053567,74.80104747041176,84.82345908554215,60.34591490236043,24.47754418318173,6.109723313668667,,0.1537395699212604,0.4692982456140351,92.79803418494562,2114.759137441255,1576.033670216742,3781.823394495413,0.06415122002363205,asd02_005,0.0,0.0
334.1916652307514,408.8513148228849,223.6131636799432,185.2381511429418,57.56799682873609,76.93442705910898,85.48718465414838,62.99446645088427,22.4927182032641,4.875274074220558,,0.1484457854907168,0.4668508287292817,92.36549957301452,2236.494575680258,1664.175952791066,4030.434782608696,0.05839801579713821,asd02_008,20.0,12.0
320.3140583846308,431.5083203713712,143.9263642156184,287.5819561557528,42.08569633227826,76.21522846939159,85.26443769799711,60.70150027123149,24.56293742676562,5.564445849798464,,0.1549635653836099,0.3219280719280719,64.26744030239102,2176.635127810939,1679.018416424876,3997.333532695375,0.09086372703313828,asd02_013,12.0,6.72
319.941709857887,438.3835370617443,131.063720314033,307.3198167477113,53.83554958768291,72.83199135193173,85.62769559244121,60.25586900193213,25.37182659050909,6.304081397728114,,0.1611753372642584,0.56071076011846,111.3725490196078,2199.330959328825,1681.942617830215,4048.583984375,0.06156705692410469,asd02_011,27.27,22.22
302.71791902786,398.6012599978748,81.44115495907283,317.160105038802,44.64557218474135,73.90232954549359,85.62493286246405,60.61403584146561,25.01089702099844,6.56338512744334,,0.1590552262913915,0.5297702766057196,105.5834243367457,1959.627184436382,1556.861956111155,3564.505597014926,0.05266910791397095,asd02_006,17.65,6.41
323.2799173655499,450.0452683281093,75.91525651990709,374.1300118082022,87.93429759784023,74.93851978224761,85.04283899212555,62.529517435065,22.51332155706056,5.861395028713802,,0.1259356681303845,0.4287749287749288,84.84400049327907,2237.075008270564,1666.830189695632,4024.282094594595,0.06228683143854141,asd02_009,9.09,3.57
323.6545657482369,437.5568872664966,97.95335028442557,339.6035369820711,49.56814630234349,75.62078216859136,85.2406811733981,59.52601244315812,25.71466873023998,5.904951513306417,,0.1646874233238241,0.3997011580127008,79.71874927242672,2057.707126363008,1626.794806877123,3808.296130952381,0.06656480580568314,asd02_007,4.76,2.15
318.3491950123849,382.3738678869194,218.9174317701256,163.4564361167938,33.75292293673831,72.82159688080779,83.47921164205283,59.27453375205034,24.20467789000249,6.288321854158013,,0.1474487978762397,0.5067934782608695,100.290722099921,2036.997871189948,1678.976889894353,3805.088141025641,0.05152508243918419,asd02_003,66.67,24.32
285.6600368020123,485.5554970755649,100.0219099914779,385.533587084087,53.94687964154614,74.02943376460009,86.3310320118338,59.71656664315295,26.61446536868085,5.934412973450288,,0.158682438837501,0.2945256842894638,58.82642040202111,2202.274264281328,1763.333350438573,4197.726422155689,0.08846883475780487,asd40_006,29.63,18.25
253.7218026884728,349.8507230311957,114.0514606617952,235.7992623694005,34.92769279716644,74.99405710584251,86.12488374766957,59.51986766384813,26.60501608382144,5.802638341962036,,0.1393380096031967,0.3540090771558245,70.71548643129816,2209.749003007782,1747.960004342318,4176.205021482278,0.08512333780527115,asd40_005,32.5,18.28
253.9614654002131,356.0247450014741,124.5817304745307,231.4430145269434,30.30751610972049,74.78444591396764,85.49918854750494,60.01637035540832,25.48281819209662,5.81430693520776,,0.1464606195373761,0.2562542258282623,51.16594337208092,2120.429494947797,1778.770487540063,4114.826888489209,0.08498881012201309,asd40_002,14.29,8.0
272.8693220643715,427.7333403331377,230.7425640942125,196.9907762389252,38.31047706654847,76.20657345088269,85.38215954847448,62.03737954752245,23.34478000095203,6.114977346459646,,0.1323960183711501,0.407035175879397,80.60829407099874,1982.702650895254,1509.71983660002,3557.97371031746,0.0439949706196785,asd40_004,25.0,23.68
263.6688829819326,419.817769221666,128.2974548613873,291.5203143602788,41.338870743176,74.38852054685618,86.06313043107063,59.79813301386432,26.26499741720632,6.341262602666203,,0.1411447774377879,0.2519865795514745,50.33199008879522,2175.700685751836,1618.365687779763,3945.321317720091,0.06409630179405212,asd40_003,42.86,30.71
256.7940011982753,337.3970314161413,206.2837544030454,131.113277013096,28.57033375819951,77.244113869926,88.2465861350749,60.317101928578,27.9294842064969,6.689167523235381,,0.1644286816386427,0.5062006764374295,100.4291725497323,2014.492977487445,1565.661449654876,3688.950892857143,0.05264753103256226,asd40_001,28.57,17.14
350.6356291286046,499.8849639566478,216.10010045687,283.7848634997778,43.98203660199849,75.04445954622626,85.12186491192374,64.70900577917122,20.41285913275252,4.788755908571574,,0.1640216522767106,0.4206103494029191,83.86243386243386,1936.159588163142,1401.52330271612,3362.522007042253,0.03325964137911797,asd33_001,20.0,9.52
322.0704096250671,497.7483811654172,183.0634913563508,314.6848898090665,34.45263727397123,73.85422265599689,83.61438066218881,63.767468059885,19.84691260230381,4.521468010821634,,0.1643214449529738,0.3364391840846134,67.1683765652249,2071.840667621328,1446.883539650683,3548.156149517685,0.04063279554247856,asd33_011,30.77,13.41
331.3403583198739,499.4996871125724,152.4941978457591,347.0054892668134,37.10183894734028,75.38462954723943,84.09539965624597,64.97744469076486,19.11795496548112,4.842748852636241,,0.148449051822912,0.4983357108892059,99.48029141650252,1987.943135973785,1434.070797078687,3453.101289833081,0.03602604568004608,asd33_009,29.27,10.88
337.1657577401523,494.839475889183,192.1466009330507,302.6928749561323,42.30126575206698,75.48866569171486,84.74200757876825,64.95123672079104,19.79077085797721,4.976466467479626,,0.1444731095244423,0.4327485380116959,86.24177055610029,1979.995170327294,1423.378533207006,3446.028832378223,0.03263664618134499,asd33_012,25.0,18.75
342.9919791057169,497.8345801672497,122.1227054879812,375.7118746792685,56.22555541299403,76.23018190749758,85.42592318088572,65.63180041282973,19.79412276805598,4.496299612314579,,0.1616338269172018,0.52875,105.2426973106199,2050.570945565571,1433.719790752594,3515.93501984127,0.04296499490737915,asd33_014,33.33,20.0
320.8479004385877,495.7584590551851,103.4634462008619,392.2950128543233,53.57029315329419,77.28192973140287,84.13398134550766,65.80592622144053,18.32805512406713,4.526736685720793,,0.1330944643857712,0.4383358098068351,87.19507126164987,1901.047483791438,1337.595228955528,3256.227889150944,0.02547101862728596,asd33_005,45.45,21.74
347.6270968115662,493.4217631832776,191.4840274637604,301.9377357195172,61.61259363086423,74.44098416219269,83.92975511603203,66.0253634959726,17.90439162005943,4.655060604316869,,0.1709031811256859,0.2667014613778705,53.12229954063766,2058.181506273509,1472.050891210637,3558.892234219269,0.04820865020155907,asd33_002,15.38,8.82
326.1988979002727,496.0779038296913,121.0757003680035,375.0022034616877,49.49587259627649,76.54906846493934,84.04837305739362,65.14229515867832,18.9060778987153,4.236713722400394,,0.1403845011678907,0.4762184380504991,94.81013860575905,2218.49735983897,1489.383276490434,3786.847014925373,0.05746778473258018,asd33_010,19.05,12.37
347.3161943296643,499.3980729441216,208.9131792525023,290.4848936916192,39.89920356663215,77.91583467559708,84.5705169675383,68.98331419911459,15.58720276842371,3.572818457520569,,0.1427772819508938,0.53099173553719,105.425084606707,1901.804260036609,1348.227775810087,3247.702205882353,0.03162997961044312,asd33_015,9.09,3.77
345.6376756553436,497.1851356430894,209.3711828378574,287.813952805232,40.28931994491914,74.73010509735414,84.48985576613893,64.94172294561132,19.54813282052761,4.489280962464133,,0.1716299487784461,0.4715025906735751,93.97792551474859,1742.636420803708,1359.635123268424,3102.828811813187,0.01750324107706547,asd33_016,15.38,5.74
315.5693426632784,393.6770517166899,124.0874134571774,269.5896382595125,39.7586968133504,76.83661822352852,85.22223544500795,64.68501268554108,20.53722275946687,5.290663051268768,,0.1528041194059831,0.4303405572755418,85.57219673140372,1946.222111178689,1376.008426928392,3336.014093137255,0.03257494419813156,asd33_013,40.0,19.4
347.4710870200545,432.7991907750966,290.4891381073884,142.3100526677082,29.74050563054939,75.98367205330612,84.57813808844172,64.45579529347485,20.12234279496687,5.438433637322188,,0.1777693630862679,0.5691937424789411,112.7936091570287,1895.919019306586,1374.90139133697,3256.80634469697,0.02274370566010475,asd33_007,25.0,13.33
344.698712793885,494.2800835679558,97.06255585709825,397.2175277108576,36.91893131766899,77.47501441732561,83.49723298214845,65.24487397564359,18.25235900650486,4.157878270198633,,0.1495047495680149,0.4994075829383886,99.46829300668874,1834.185353538675,1300.148506850163,3136.792452830189,0.0151794645935297,asd33_008,38.1,18.48
374.2312365011106,452.6183787279575,117.4376906708997,335.1806880570578,52.51148493494159,76.41118249487508,84.78913717135345,64.80892014120013,19.98021703015331,4.968701095215954,,0.1417946636492504,0.590612777053455,116.9617066597815,1954.421653014432,1421.57819324983,3377.305327868853,0.03022118285298347,asd33_004,30.77,18.52
333.0469671347477,495.7057682695262,135.8207989659784,359.8849693035478,67.50368631110203,76.30652642472087,83.66409895935703,64.532087507999,19.13201145135804,4.607124005014346,,0.1459154409041042,0.4249201277955272,83.99778953185442,1933.439645486881,1385.350995475986,3349.510732323232,0.02978083863854408,asd33_006,25.0,11.43
335.4598823786806,483.1209662105093,139.7806064998505,343.3403597106588,48.72378965005814,74.94835764314638,84.0236785333921,64.31715373668035,19.70652479671175,4.591612955642221,,0.1644465553733006,0.3645960211124645,72.68716895416074,1903.976519535701,1407.60421342325,3337.81492248062,0.03552254289388657,asd33_003,14.29,3.39
324.9389337995468,426.5069760285857,168.8982942602378,257.6086817683479,49.58247936986422,74.74186862985059,83.31809544092066,65.94967369787551,17.36842174304515,4.471755265841939,,0.1609232092634592,0.5813559322033899,114.8645820251999,1810.965325949061,1370.32297985387,3201.628989361702,0.02869408205151558,asd33_017,25.0,11.63
275.328885992922,372.8696841840843,112.3231216851053,260.546562498979,70.53333185536876,73.97284977519107,82.975274384602,58.2569821011883,24.7182922834137,6.306584931114417,,0.1164194020046403,0.4150289017341041,82.27576130862006,2029.213845464654,1540.144775980716,3759.067062043795,0.03585711121559143,asd22_008,62.5,48.65
292.2252881082394,492.0131007944561,77.97562950288913,414.0374712915669,73.79376405645897,76.21963684590942,83.57642465401243,59.03645578160604,24.53996887240639,6.182840779727369,,0.1642755164101151,0.6615168539325843,130.9561046814722,1857.215047964733,1466.759826265918,3481.74778761062,0.02484976500272751,asd22_005,50.0,26.67
342.5029860891689,499.6742873461278,120.7918702849156,378.8824170612122,87.50269751203373,75.97043563984394,86.6021907298417,59.26091353560246,27.34127719423924,5.40495384299854,,0.1395976984787861,0.4399149237858915,87.75977441282807,2055.457901903529,1556.961620187147,3787.241940045249,0.04526287317276001,asd22_009,24.24,14.09
331.5049506786613,499.340096729598,115.5903930525894,383.7497036770086,101.6022914386714,75.23683804893534,84.14933862610758,59.22229284277915,24.92704578332843,5.807313988089766,,0.1504327907577269,0.4006309148264984,79.82348743264566,2097.481512399002,1554.821415896714,3827.994356187291,0.04458523169159889,asd22_006,13.64,7.41
303.3995104738106,497.5755328918642,120.5343945973137,377.0411382945505,90.48585302797248,74.81989662770042,83.65221203716989,58.62039779497497,25.03181424219492,6.113787378098099,,0.1696691194609391,0.4581535806729939,91.03865070775694,1992.289686472689,1464.171152672034,3578.381147540983,0.02497371286153793,asd22_004,0.0,0.0
298.210866675834,479.4582824035187,124.3580461962111,355.1002362073076,89.86432459917745,73.18992533208407,83.28590759277554,58.95758427292071,24.32832331985483,5.746285951918405,,0.1634630458502856,0.2958946553059644,59.00439733360364,2123.495790455725,1687.819847204086,4027.52700617284,0.05321698263287544,asd22_012,36.84,14.77
316.8668653994808,499.8117215278081,78.11316069282556,421.6985608349825,91.33367289407886,74.89369740307939,84.01466167052938,61.36646697073474,22.64819469979464,5.761625883543532,,0.1535838340147412,0.4703557312252964,93.55345911949685,1916.074641056623,1477.58385949495,3521.710113065327,0.02876096591353416,asd22_001,9.52,7.22
311.1829346716933,499.8741288046774,109.9806380731275,389.8934907315498,102.5598553981277,75.04935946615441,85.29541770839346,59.14119140560717,26.15422630278629,6.189036488276415,,0.1625580957196158,0.4590221596904678,91.5753325526624,1957.028847298827,1491.742666948217,3610.741311659193,0.03367078676819801,asd22_003,0.0,0.0
311.9519403463452,496.7527239714635,125.8318153919752,370.9209085794882,78.50499880460873,75.00080058623149,83.94268499564872,57.78231357359038,26.16037142205834,6.101691647774643,,0.1363792037287102,0.3372943327239488,67.22153275114142,2192.932797736,1617.047209877589,4020.416969476744,0.05101965367794037,asd22_007,11.11,6.33
328.2598267523521,499.9301807090617,81.71239524528288,418.2177854637788,88.12840438556115,73.39528841011474,84.49923601895307,59.01039850661287,25.4888375123402,6.263187143557584,,0.1541613466485859,0.439334637964775,87.26707320035956,1944.916952055807,1513.311389497337,3575.067934782609,0.03673896938562393,asd22_002,13.33,8.7
330.2975974162065,499.5780946499721,117.828205293077,381.749889356895,97.92655124060497,74.17146175267816,84.16362055912042,58.25211542177815,25.91150513734227,5.87560514536871,,0.1483866530343444,0.3278843131090852,65.43287327478043,2178.126745153629,1634.439674155432,4041.833667334669,0.05961577594280243,asd22_011,17.86,10.29
315.2486103033117,498.4664876253351,189.8413065704746,308.6251810548605,80.75311103697555,76.31040432530355,85.38861264247356,59.72488100931882,25.66373163315474,5.492280224608042,,0.1436121468335275,0.511543134872418,101.9920962181969,2106.470787265987,1512.097842544429,3816.961401808785,0.0407722219824791,asd22_010,0.0,0.0
246.7201576467448,358.3309799525002,109.1353566081594,249.1956233443408,39.20721725974148,75.595788387764,84.61730710907096,59.64403935206632,24.97326775700465,5.780526620369912,,0.1487935425677941,0.507265968232511,101.2090639762991,2165.622858742606,1656.212040590932,4052.751212284483,0.05439983308315277,asd46_008,44.44,24.44
239.5108363321692,272.6791771297055,201.6122322400228,71.06694488968265,18.49961764920082,75.31623349503802,82.53055374771853,59.62366053474233,22.9068932129762,5.073858862283407,,0.121356123358658,0.6032540675844806,119.5103052843639,2120.45304733408,1655.421796099371,4009.04281496063,0.05150937661528587,asd46_002,0.0,0.0
235.847340201637,466.4043980457282,83.60911624756501,382.7952817981632,48.85155929151937,72.63711431077125,84.19225124640326,58.00259041212414,26.18966083427912,6.346812789963964,,0.1610231783923367,0.4034965034965035,80.47770561827137,2143.535272515744,1704.969175402983,4040.872076837416,0.07067052274942398,asd46_003,20.0,6.0
276.387389123151,497.4965500602868,79.97179900866924,417.5247510516176,77.46388676431297,73.41853236746792,83.87720499495413,59.89210875576069,23.98509623919344,6.097311962794106,,0.1488624639444612,0.7482332155477032,148.6796344447004,1874.637492132633,1590.973013101604,3573.498603351955,0.0304273460060358,asd46_009,36.36,15.25
248.1638337180232,436.2552782779276,76.04828259893074,360.2069956789969,60.6073487107432,75.69576624899766,85.10931086847445,60.45356314913131,24.65574771934314,4.919509366067762,,0.1457646143575343,0.383359662980516,76.36680718823553,2222.112407244316,1700.051068552315,4179.372902684564,0.06443193554878235,asd46_005,18.75,13.89
245.5777639128655,352.0529819323213,124.8802329967646,227.1727489355567,34.87449371028389,76.90322285592603,83.87225497718609,59.30912046539689,24.5631345117892,5.916776975545943,,0.1492406864962266,0.6952949962658701,138.283157415917,2131.555343804416,1580.421754987268,3913.099822274882,0.03478771075606346,asd46_007,35.29,18.06
244.3778712002112,437.2614392318647,87.83644811531653,349.4249911165482,49.3889103460984,73.80255291487899,83.42151448075468,59.62229282307679,23.79922165767789,6.229863299860812,,0.151656539584352,0.3950069348127601,78.84200800739144,2280.58609555883,1778.3064590197,4328.304756637168,0.07584477216005325,asd46_004,7.14,5.34
258.5335904543513,498.2221802640636,94.50336690996063,403.718813354103,43.10620269214532,73.67491372704725,84.33499120306513,59.23418090252196,25.10081030054317,5.992681121013365,,0.1486434940313344,0.4111024844720497,82.09401761164743,2161.804897312858,1744.333138841004,4182.766031598513,0.06675367802381516,asd46_010,7.69,3.26
254.2272626986589,472.3488051276832,128.7359537645946,343.6128513630887,52.7938925579622,73.03915234650923,83.02330502668757,59.09445206883917,23.92885295784839,5.852284160238043,,0.1567298478498089,0.4601554907677357,91.70358534873023,2092.676458074056,1723.407523820976,4009.553986068111,0.0652642548084259,asd46_001,11.76,4.65
268.8000716694017,462.2839127627477,176.5955718753364,285.6883408874113,63.23619651890061,74.43099381180949,84.35439701660263,57.36838664790932,26.98601036869331,6.420615356058205,,0.1462942562317467,0.6313528990694345,125.6410256410256,2023.722555655957,1592.428998835919,3791.654829545455,0.03980973735451698,asd46_006,31.25,11.76
235.251788117363,346.9545964502143,76.30792944906844,270.6466670011458,64.16386424467687,75.23178824158842,87.84347229306154,64.97666512174811,22.86680717131343,4.109650681221535,,0.1356840186189442,0.2710139464756879,54.06015037593985,2153.485970612699,1813.572006885017,4303.861177884615,0.07431376725435257,asd12_009,33.33,20.75
255.7454142553949,489.7808069450385,93.91126493866776,395.8695420063707,52.22867701596611,77.25586280354685,89.78154313875625,62.35642400647733,27.42511913227892,5.332713127490849,,0.1388616495154106,0.2747861097131354,54.89276139410187,2262.290207886317,1809.004494867409,4345.282355305466,0.08512822538614273,asd12_005,38.3,19.55
217.202658185047,377.1665809767587,91.79067737497999,285.3759036017786,69.74553140477445,75.28882214162365,87.44999391235552,62.7467591737982,24.70323473855733,4.679698669765126,,0.1368800639939262,0.3519553072625698,70.0621693632467,2296.529827522556,1791.576160325342,4393.002717391304,0.07144049555063248,asd12_003,27.78,9.88
237.1202680626628,476.2220331213838,76.24278898942171,399.9792441319621,62.02912901264826,76.06494772244069,88.21938483517356,63.64686995182608,24.57251488334748,4.788990260086037,,0.1353741236018957,0.3609100310237849,72.03534685716129,2142.18425430986,1825.63508504066,4290.854476072607,0.07256120443344116,asd12_008,26.32,18.02
267.4804404378761,480.2355675633901,129.1495042760336,351.0860632873566,45.18046128844959,75.32925538292167,88.22536892546908,65.60696636910599,22.61840255636309,4.33221386858868,,0.1313341581879508,0.2975797579757976,59.25925925925926,2160.858060374565,1774.589148260697,4224.431818181818,0.06281623244285583,asd12_002,100.0,81.82
250.2648270104505,460.3236757375412,81.80471619191202,378.5189595456292,63.66380078791433,74.54673745640072,86.72226327773427,64.0296158925132,22.69264738522106,4.617867302998107,,0.1412660726688849,0.3416974169741697,68.20776606062094,2177.759088347017,1761.802968792503,4212.311126373626,0.0671699121594429,asd12_006,15.91,11.17
246.4776270672575,354.9549638842733,119.2411406681643,235.7138232161089,45.09629544907056,74.59751524854917,84.06718539515174,68.01691649113683,16.05026890401491,3.937020484026923,,0.1509110459539003,0.25,49.79228919174987,2203.762827033048,1838.013860005386,4345.965485074626,0.08660171180963516,asd12_007,46.15,44.07
263.5177650115292,431.7644840542294,113.4602884839534,318.304195570276,46.30640944217145,76.89800869671042,87.72561077530196,67.38325989103114,20.34235088427081,4.374534925622327,,0.1258289308184596,0.3129644921552436,62.41219425589617,2207.843552535233,1787.086642786078,4283.264802631579,0.06794659793376923,asd12_004,23.53,10.96
239.7917594268459,443.3100015710065,79.50780900094232,363.8021925700642,50.31848758969637,76.30411223261483,87.65648157584369,64.73383296009374,22.92264861574995,5.338628117317064,,0.1269368309687533,0.3079981290926099,61.49410360495759,2223.421698892858,1794.144242073475,4306.879664179104,0.07597597688436508,asd12_001,20.59,5.96
227.9446424161629,342.4102232419666,124.5627977889779,217.8474254529887,47.33251083303814,75.8859467634407,85.73473776029196,59.71311130568462,26.02162645460734,5.350573419843672,,0.1428306100835801,0.3753093208688479,74.91767288693744,1878.185567520636,1575.790003785052,3636.115679824562,0.0500761941075325,asd29_006,24.24,14.2
228.099582613516,414.0104808372151,88.11114848753192,325.8993323496832,54.20469024213657,75.0898595656467,84.59469707100888,59.55338232554237,25.04131474546651,5.883326360608428,,0.1510073134994216,0.4730785039046445,94.34426229508198,1751.713094052299,1469.212371904236,3272.189954188482,0.03974179178476334,asd29_016,30.3,16.67
232.3292800062059,418.4023189882687,80.07437055645909,338.3279484318097,55.91639947876198,76.02097825262295,84.46522050987616,61.16780189151863,23.29741861835753,5.368176522706431,,0.1581708426704581,0.4623007324429125,92.14996913663079,1826.451950837316,1514.075480660334,3485.491071428572,0.03908548131585121,asd29_007,24.0,10.26
216.1815639308016,333.7290183744475,151.2768777303089,182.4521406441387,35.13477872698029,75.93391216657069,83.80546749644438,60.595994172396,23.20947332404837,5.759130827939716,,0.1722072012734328,0.4758800521512386,94.28326956297121,1715.315065817067,1431.699948331026,3201.446280991735,0.04166966304183006,asd29_001,20.0,8.33
241.7882541454159,480.0892752003352,104.5927019265814,375.4965732737539,60.83881443831466,76.83720298961894,84.36742206064864,60.73673967440656,23.63068238624207,5.551134272708832,,0.1462531452232304,0.2151312403499743,42.85668514305853,2011.201064018469,1634.210189720753,3798.181352459017,0.06587538868188858,asd29_009,23.08,6.15
215.5168704407695,456.0113541745407,92.85564314658868,363.1557110279521,48.43559973146738,76.0529687663978,86.04333818741445,60.64351284348474,25.39982534392971,5.716523315727382,,0.1482461296218563,0.3550488599348534,70.83729356046759,1904.714647694874,1565.590740535554,3603.073024948025,0.05615931004285812,asd29_014,33.33,17.69
211.9430550871769,293.1820635612074,177.6095133479194,115.572550213288,28.56318838049886,74.11390431813717,84.12156206627438,63.03607105869157,21.08549100758281,5.768829594537374,,0.1505384255600299,0.6363636363636364,125.9842519685039,1972.200765077485,1479.562020976249,3566.057477678572,0.04616081714630127,asd29_012,71.43,36.67
223.207499252484,422.1749614744221,76.06385132199054,346.1111101524316,67.06246221290553,76.29463171031885,84.89957518758821,61.51708340187025,23.38249178571797,5.153493313720188,,0.1258238458944232,0.4883002207505518,97.33773377337734,1797.930689163075,1465.898164800305,3409.19066011236,0.03451060131192207,asd29_013,24.0,15.13
270.7867255692107,357.0653539597038,100.0899092355427,256.9754447241612,58.35824326200476,74.43920422076516,83.31995919308055,62.48035722606308,20.83960196701747,5.288222175046105,,0.1488940130402281,0.2661674608577264,52.9469514878635,2023.691102667259,1656.201095343657,3859.949945887446,0.06661248207092285,asd29_002,26.67,9.86
215.4887633689844,388.6686815950546,87.9294354296207,300.7392461654339,43.86504412549409,75.64424634705058,84.83600544174551,58.57646414573273,26.25954129601278,5.210999836310818,,0.1607471269995731,0.3796430294259527,75.6608002307318,1772.324260762711,1494.220461123238,3379.026073619632,0.04631577059626579,asd29_017,30.0,18.48
224.4519067384971,424.0601274247134,104.111272105911,319.9488553188024,62.79029562649396,74.50350091984579,85.94804641692036,59.57449083711039,26.37355557980997,6.063488801417208,,0.1517731848388774,0.4070236039147956,81.07798165137613,1780.762727520712,1493.969657168496,3371.537316849817,0.03971266746520996,asd29_011,33.33,31.08
203.2760248757231,322.337220387453,115.2140139325793,207.1232064548737,25.42109793725521,75.23260756791001,84.23916802826885,58.69519584094766,25.54397218732119,5.702268746508606,,0.1307537051916051,0.4667764964305327,92.95331829676714,1753.113484357364,1495.77091719799,3344.432910839161,0.04337215051054955,asd29_004,57.14,34.78
252.3391189654543,446.3820260866702,168.5657338562366,277.8162922304336,52.43300737514866,77.40434285421092,85.42467535572685,59.58539270567479,25.83928265005206,5.157408271658955,,0.1395235444943805,0.4207843137254902,83.90760779253786,1808.728391164702,1475.600126143501,3373.26171875,0.04090045019984245,asd29_015,26.92,21.19
223.9744608765851,434.0249993945923,93.99596473218413,340.0290346624082,53.76973858000564,75.68260855560874,83.44319566121635,59.48919532108103,23.95400034013532,5.34045982363151,,0.1480951681332882,0.539447731755424,107.0777512693461,1846.894133104014,1528.612634923844,3519.23828125,0.05268851667642593,asd29_005,36.36,17.31
228.1655926763436,344.1585269495804,99.46752697773715,244.6909999718433,39.17353256514834,72.58592080824806,80.98477758179914,61.00490946885245,19.97986811294668,4.541652080392416,,0.1735049044541789,0.4488248673237301,89.27679387730096,1936.769018766588,1607.737717065908,3703.087439903846,0.05279891192913055,asd29_003,22.73,14.42
225.1556132413188,333.4182331664143,86.09733176844661,247.3209013979677,42.77283610685073,73.20504219819307,83.27231259063167,61.05061317796729,22.22169941266439,5.180479238985864,,0.1579985910631066,0.3649956024626209,72.75715655389672,1960.380575476871,1587.450269297297,3713.169642857143,0.05554848909378052,asd29_010,16.67,6.09
208.260313387995,452.2704678205345,97.00127083869242,355.2691969818421,45.17905608180965,73.87236688666967,84.6532594627467,60.706906847296,23.9463526154507,5.356033495721475,,0.1282085876942629,0.4360348292029471,86.8,1860.387598068691,1479.441912123177,3410.438829787234,0.03724097460508347,asd29_008,61.11,31.03
216.1744988085706,403.4231410061655,88.86354275263153,314.5595982535339,32.4359138203431,74.1174627658315,87.70764482950447,61.86590715937211,25.84173767013236,5.852171056182526,,0.1473272145372752,0.3454258675078865,68.95488610833237,2161.696583863796,1757.796593078819,4119.678062080537,0.08114597946405411,asd43_003,10.34,4.32
236.8653953168126,365.7916909311373,78.04211013088224,287.749580800255,44.55241890291508,74.10821731472572,89.38731009971012,62.02693818079872,27.3603719189114,5.496356163542822,,0.1497744881816979,0.3265617064499746,65.18447180176013,2345.408206153724,1844.59053856343,4447.528363047001,0.1112508922815323,asd43_004,14.29,7.26
250.950214977664,499.0879509792675,182.2358050502986,316.8521459289689,34.13011417163258,73.54107841553447,87.83904447815897,63.35929846518568,24.47974601297329,5.090530538623611,,0.155322212392767,0.3055601936884288,61.04005753775915,2270.025868147157,1765.7524320735,4231.440101387407,0.08336274325847626,asd43_001,18.18,6.99
215.4296848119182,397.1157295665633,76.67679440600095,320.4389351605624,32.06293760194313,71.96393025357388,82.76494910365108,62.58340578214781,20.18154332150327,4.409686979098624,,0.1575220724148887,0.3928813559322034,78.3657462579342,2237.437348649952,1800.028249039669,4274.770518358531,0.08244635164737701,asd43_005,16.67,4.63
230.9119121105842,499.0134052053274,75.3893932914654,423.624011913862,44.65418993338919,75.02022984560831,88.76933757196697,63.38085310020603,25.38848447176094,5.70592504130194,,0.1351659889138322,0.3227450980392157,64.45660021782494,2194.808355178708,1759.975110746129,4161.842928660826,0.08106967806816101,asd43_006,30.56,15.48
229.7734250818108,272.773011348513,180.2293383237232,92.54367302478983,19.24050233042252,74.04587341697959,85.96544546305789,64.27656750877856,21.68887795427933,4.751739617898108,,0.1371009277870553,0.3869565217391304,77.05836196866798,2131.779530206667,1691.32269827609,3954.395544982699,0.07268940657377243,asd43_002,6.67,2.82
247.1463730002443,329.7789150359363,185.6068030519336,144.1721119840028,32.61377967167473,76.77667581726165,88.94184221669111,63.49574289157919,25.44609932511192,5.001269216632245,,0.1145039665237506,0.4853351955307262,96.59401846752547,2067.469609160698,1674.518569968212,3866.111111111111,0.06042661890387535,asd43_007,53.85,32.79
224.2254412414864,498.4669924117401,107.0958553864634,391.3711370252767,31.82031974801861,72.76635692903996,87.60833354171942,62.25849176422506,25.34984177749435,5.41538151035147,,0.1399462218073615,0.357042845141417,71.26811834699888,2252.421755099076,1738.077667105784,4198.214285714285,0.08458048850297928,asd43_008,32.0,9.68
305.1193213604483,434.957036832011,91.1308651409207,343.8261716910903,56.01924028208786,74.75056276607688,87.13256933074965,61.0384272579244,26.09414207282524,5.150167460194813,,0.1416137156941618,0.4011732851985559,80.09369791432046,2355.097691890885,1915.210003308339,4585.35212536023,0.1136056780815125,asd13_005,19.51,12.17
291.2957482065982,496.6823194921681,192.2069016597485,304.4754178324196,57.04628312781742,71.33046906771327,86.28577793222527,60.25111821083989,26.03465972138538,5.279425818371785,,0.1535932846688002,0.3398745700991301,67.87467426216593,2188.739728000194,1860.482009951475,4351.067910206718,0.08806607872247696,asd13_006,35.14,16.2
300.0060798576782,362.7878552142395,206.1723758843085,156.615479329931,31.84970541599577,74.37769573441817,85.06711736116291,62.43210493157795,22.63501242958496,5.478036235712355,,0.1559666006910256,0.4048640915593705,80.10331346082403,2226.816819337387,1875.954988307962,4326.717342342342,0.104345977306366,asd13_003,0.0,0.0
280.9876666838682,435.3963289226954,114.1070125404395,321.2893163822559,52.74263329238767,72.14556380265435,89.60069664944213,60.41152395655682,29.18917269288531,5.033420004022388,,0.1531284008809008,0.2527203482045702,50.43824674156846,2357.308066340028,1885.758072999627,4556.382921006944,0.1243278309702873,asd13_004,19.35,14.6
296.2997809154269,497.5265266655859,114.652698769159,382.873827896427,63.06386929262787,72.91951208820934,87.93955170213721,59.38453192898036,28.55501977315685,6.016572637298959,,0.1605853717478933,0.4510182207931404,90.06849315068493,2082.312492537075,1730.51875392726,3995.767783857729,0.07308431714773178,asd13_002,47.73,42.93
308.4891996083681,448.7501916370276,75.11790119572711,373.6322904413005,58.77886478410861,74.76911298302089,87.64062916428165,59.78638683646153,27.85424232782012,5.987677347421435,,0.1479869327160172,0.5270900609974883,105.1473153972103,2100.821948052333,1778.996079422701,4085.883867276888,0.07784057408571243,asd13_001,60.0,38.41
237.2059235345772,263.7416900700624,205.0548699371476,58.68682013291485,12.10030729702446,69.47072185178088,75.28211997628814,61.19720168231376,14.08491829397438,3.51893625848666,,0.1775801007299772,0.5040214477211796,98.6909019324781,2037.245231419268,1601.487691685105,3732.552083333333,0.0489979013800621,asd38_004,57.14,45.16
264.9935633370686,368.2486052614553,203.7490490095713,164.4995562518841,28.18124037717357,73.73628860869172,85.82997832565665,60.62698973118405,25.2029885944726,5.324056797092213,,0.1551202044651059,0.2356507679870655,46.98912923018024,2448.168312661635,1809.779320080483,4487.838273195876,0.1012370213866234,asd38_006,26.09,10.58
279.6437315700471,354.4918304476485,219.4678885632279,135.0239418844205,34.49332779011154,74.25356957235851,85.3639618435823,59.69103222900917,25.67292961457313,6.457021651714146,,0.1421494806503142,0.6345885634588564,125.6906077348066,2048.775759414548,1523.700946334497,3685.718201754386,0.0443984679877758,asd38_011,100.0,70.73
264.5972823812398,345.6875392994663,222.4001352945205,123.2874040049458,25.98393620073101,72.68070774940304,84.1043824111515,60.38707813626537,23.71730427488613,5.408483276259755,,0.1459803598501952,0.2657563025210084,53.01806560898304,2269.322046775845,1723.36015766362,4168.561662946428,0.0870724469423294,asd38_013,26.67,14.67
254.7789268356975,278.9463213526247,199.2256201523167,79.72070120030801,21.94481390823473,72.97559900072697,82.71207402768917,61.5823006034515,21.12977342423767,5.678693076305003,,0.1582013906948032,0.309328968903437,61.06870229007634,2200.275896366666,1594.405724060143,3875.322164948454,0.05803573131561279,asd38_015,40.0,30.0
266.3106216440175,304.5285959876548,128.0908268366105,176.4377691510443,31.67927544611376,74.1352185323887,84.33346262861605,61.90593872792064,22.42752390069541,6.493730859494168,,0.1435755756807385,0.3986206896551724,78.94152795561246,1998.149874723891,1630.526523615252,3766.100543478261,0.07157183438539505,asd38_003,33.33,11.9
279.9609685247004,481.3341604679355,79.20793335617678,402.1262271117587,66.11082846669686,76.17570080539559,85.7909329763783,62.58781499328344,23.20311798309486,5.901016372504593,,0.1199135450542417,0.2302504816955684,45.71046057114169,2383.295151758109,1794.897993988746,4457.459984756098,0.08795861899852753,asd38_010,112.5,51.35
292.7658887152687,354.0538301646329,244.8907840643454,109.1630461002875,29.56107011705116,77.05238442177628,86.88838718395353,62.9930615933206,23.89532559063292,5.798956898069241,,0.1025791441930386,0.239517819706499,47.70977423985384,2196.610695378509,1735.91078418102,4106.614583333333,0.07463262975215912,asd38_014,16.67,16.67
254.0286175083559,334.2369518609033,82.48540925941157,251.7515426014918,42.61392852781405,72.95699919098693,86.26505147920184,60.93823588489308,25.32681559430876,5.714119485314343,,0.1446823119666624,0.4462616822429907,88.76839659178931,1829.31859445553,1563.438649455664,3495.165532178218,0.04321258515119553,asd38_002,30.0,15.56
272.61088180729,388.8364980070567,205.029559068976,183.8069389380807,31.88447478667551,73.5295935209115,83.99503430808137,61.30247572816366,22.69255857991771,5.060637922486697,,0.1604678037218181,0.6231691078561917,123.4177215189873,2039.430168083718,1605.129358162234,3812.762605042017,0.05910663306713104,asd38_005,20.0,13.64
257.2846223236876,264.3167743739226,230.1636123007813,34.15316207314129,5.914378764088403,72.63780494795803,83.28164065287218,61.5906300153477,21.69101063752449,5.280405064235777,,0.1798366244042666,0.5606936416184971,107.7777777777778,1809.790770338096,1345.748697554376,3146.821120689655,0.02191815711557865,asd38_012,66.67,50.0
280.0989356401799,498.8863052386628,198.9175138810239,299.9687913576389,45.62621520765108,74.48166653379675,86.41926723322649,59.028174360878,27.39109287234849,6.133749420538792,,0.14394552495487,0.2634338138925295,52.60058881256134,2193.283443876176,1775.90801697986,4226.300993723849,0.08519919961690903,asd38_007,36.11,16.89
265.3551780607179,398.5096844900283,81.25909897295622,317.2505855170721,45.26128367445532,73.7037693531501,86.30532275208841,59.54214678091073,26.76317597117768,6.431215802263023,,0.1518477665739161,0.3654409371949235,72.92207792207792,2090.108078662763,1679.253763955682,3979.528656639004,0.06939531117677689,asd38_009,17.39,4.95
264.217302467481,378.0468435629644,202.0369589372106,176.0098846257538,31.02925548257851,73.3444849681258,85.67974058577114,59.82381060929076,25.85592997648038,5.9676931688115,,0.1585577700080441,0.3830757537370155,76.47492089182808,2035.238539191904,1650.302551942027,3833.876921521035,0.0625968649983406,asd38_001,25.81,17.81
277.0845937522627,389.4635840148933,110.6080789518528,278.8555050630405,39.5303574495283,76.504818874055,85.80341509491292,60.36959135390066,25.43382374101226,6.199988566787324,,0.1433066881892615,0.3754722464399884,74.94036527627735,2133.519414516698,1689.281755973644,4028.583024118738,0.07478275895118713,asd38_008,12.9,7.48
202.9746360739546,277.7553366874539,99.00317697900053,178.7521597084534,25.30274755157023,76.6503066704198,87.66291474226972,65.33945709026871,22.32345765200101,3.959975790071507,,0.1545654652353922,0.2151394422310757,42.87864835207252,2225.183439264982,1876.169640771136,4415.735035211268,0.1047229394316673,asd34_006,21.05,16.25
201.5509949209969,499.890715122187,94.19126960322876,405.6994455189583,61.87265114615991,74.92957897747034,82.02792394902926,66.38163192635099,15.64629202267827,3.632739856134872,,0.1623155509115873,0.1802735184417737,35.93797601036831,2194.738855007566,1876.656216903545,4440.447724274406,0.08716233819723129,asd34_002,6.25,4.17
216.5044793915414,493.8440622399552,110.75316164817,383.0909005917852,58.35572520044547,77.37133514313987,90.24664761239323,65.96565454527229,24.28099306712095,4.534681993026019,,0.1518105972349686,0.2102026049204052,41.9263762729905,2319.23092944937,1864.637628335696,4525.489631336405,0.09858132153749466,asd34_003,19.05,10.53
208.019180103046,342.3788376162726,98.77040676921511,243.6084308470575,34.37751606369605,76.68880340456487,88.10680802300664,66.54584955087101,21.56095847213562,4.448886959683236,,0.1518611614883625,0.2727272727272727,54.38448566610455,2202.437322253194,1815.16113365654,4281.50269541779,0.09548114985227585,asd34_005,39.13,20.35
221.4213614994973,374.0674478828959,108.7641291533898,265.3033187295061,41.04932363283632,76.59728485676479,89.5847307045291,66.58696055638262,22.99777014814647,4.314823446473703,,0.167173147089801,0.1817560642295866,36.26216797665452,2275.031798852004,1868.040708061234,4486.434504357298,0.1012726649641991,asd34_004,31.82,18.07
203.3305033379159,454.0759152035044,75.15180486971796,378.9241103337864,66.16340938384877,77.96604785606122,87.79658301567682,65.11308568666406,22.68349732901275,4.391676246588458,,0.1686841317467719,0.196279790738229,39.20278637770898,2183.923100179876,1822.671783183977,4278.75541460396,0.0976807028055191,asd34_007,28.57,15.79
205.5589898996722,497.0984768616135,93.77156204827375,403.3269148133397,69.356608278718,74.9124922472272,84.34187517199037,63.35676754031108,20.98510763167928,3.899187327845924,,0.1887490565833704,0.186189889025894,37.14937014442279,2318.925042200631,1885.068230898362,4571.939464636543,0.106612004339695,asd34_001,20.69,14.93
